﻿{ "rows": [{"rgt":1000000,"lft":1,"expanded":true,"isLeaf":true,"level":0,
  "Id": "7ec98b77-462d-4d51-b90a-43a4b45851de",
  "ModuleId": "f21fa3a0-c523-4d02-99ca-fd8dd3ae3d59",
  "ParentId": "0",
  "Icon": null,
  "EnCode": "lr-removelog",
  "FullName": "清空",
  "ActionAddress": "/SysMgr/AppLogMgr/RemoveLog",
  "SortCode": 2,
  "CreationTime": "2016-11-01 08:51:33",
  "CreatorUserId": "System",
  "CreateUserName": "超级管理员",
  "LastModificationTime": null,
  "LastModifierUserName": null,
  "LastModifierUserId": null,
  "IsDeleted": false,
  "DeleterUserId": null,
  "DeleteUserName": null,
  "DeletionTime": null
}]}