﻿{
  "total": 100,
  "rows": [
    {
      "id": 1,
      "lastname": "tianzh",
      "state": "1",
      "username": "虎哥"
    },
    {
      "id": 2,
      "lastname": "tianzh",
      "username": "虎哥1",
      "state": "2"
    },
    {
      "id": 3,
      "lastname": "tianzh",
      "username": "虎哥5",
      "state": "0"
    },
    {
      "id": 4,
      "lastname": "tianzh",
      "username": "虎哥4",
      "state": "0"
    },
    {
      "id": 5,
      "lastname": "tianzh",
      "username": "虎哥3",
      "state": "0"
    },
    {
      "id": 6,
      "lastname": "tianzh",
      "username": "虎哥1",
      "state": "0"
    },
    {
      "id": 7,
      "lastname": "tianzh",
      "username": "虎哥",
      "state": "1"
    },
    {
      "id": 8,
      "lastname": "tianzh",
      "username": "虎哥7",
      "state": "0"
    },
    {
      "id": 9,
      "lastname": "tianzh",
      "username": "虎哥6",
      "state": "1"
    },
    {
      "id": 10,
      "lastname": "tianzh",
      "username": "虎哥5",
      "state": "1"
    },
    {
      "id": 11,
      "lastname": "tianzh",
      "username": "虎哥4",
      "state": "1"
    },
    {
      "id": 12,
      "lastname": "tianzh",
      "username": "虎哥3",
      "state": "1"
    },
    {
      "id": 13,
      "lastname": "tianzh",
      "username": "虎哥2",
      "state": 1
    },
    {
      "id": 14,
      "lastname": "tianzh",
      "username": "虎哥1",
      "state": "0"
    }
  ]
}